{
  "experiment": "combo_hybrid_cochleagram_lbeta_lthresh_drop_sre",
  "fold_accuracies": [
    0.53,
    0.49,
    0.4975,
    0.535,
    0.455
  ],
  "mean_accuracy": 0.5015000000000001,
  "std_accuracy": 0.029137604568666937
