{
  "experiment": "combo_rhythm_kd_lbeta_drop_sre_l1_0.0001",
  "fold_accuracies": [
    0.5225,
    0.58,
    0.48,
    0.58,
    0.4925
  ],
  "mean_accuracy": 0.5309999999999999,
  "std_accuracy": 0.04232611487013661
}