{
  "experiment": "combo_kd_hybrid_tet_lbeta_lthresh_drop_sre",
  "fold_accuracies": [
    0.31,
    0.3225,
    0.3075,
    0.37,
    0.3625
  ],
  "mean_accuracy": 0.33449999999999996,
  "std_accuracy": 0.026523574419749688
