{
  "experiment": "stochastic_resonance_training",
  "variant": "SR",
  "seed": 42,
  "init_sigma": 0.02,
  "epochs": 50,
  "patience": 10,
  "with_rhythm": false,
  "fold_accuracies": [
    0.585,
    0.615,
    0.5875,
    0.625,
    0.5675
  ],
  "mean_accuracy": 0.596,
  "std_accuracy": 0.021011901389450693,
  "baseline_mean": 0.4715,
  "baseline_std": 0.045,
  "delta_vs_baseline_pp": 12.45,
  "total_params": 622742,
  "sr_params": 804,
  "per_fold": [
    {
      "fold": 1,
      "accuracy": 0.585,
      "best_epoch": 47,
      "total_epochs": 50,
      "time_seconds": 297.1,
      "learned_sr_params": {
        "lif1": {
          "beta_mean": 0.932267427444458,
          "beta_std": 0.016319608315825462,
          "sigma_mean": 0.017008822411298752,
          "sigma_std": 0.0010426240041851997,
          "sigma_min": 0.014860986731946468,
          "sigma_max": 0.01911257766187191
        },
        "lif2": {
          "beta_mean": 0.940589189529419,
          "beta_std": 0.009438985027372837,
          "sigma_mean": 0.018825097009539604,
          "sigma_std": 0.0010465312516316772,
          "sigma_min": 0.016772685572504997,
          "sigma_max": 0.021661730483174324
        },
        "lif3": {
          "beta_mean": 0.9468880891799927,
          "beta_std": 0.005039934068918228,
          "sigma_mean": 0.024423709139227867,
          "sigma_std": 0.008268595673143864,
          "sigma_min": 0.01849295385181904,
          "sigma_max": 0.08437412232160568
        },
        "lif4": {
          "beta_mean": 0.95399010181427,
          "beta_std": 0.003805754706263542,
          "sigma_mean": 0.019556572660803795,
          "sigma_std": 0.0005668334197252989,
          "sigma_min": 0.01852385140955448,
          "sigma_max": 0.020835891366004944
        }
      }
    },
    {
      "fold": 2,
      "accuracy": 0.615,
      "best_epoch": 49,
      "total_epochs": 50,
      "time_seconds": 294.9,
      "learned_sr_params": {
        "lif1": {
          "beta_mean": 0.9321306347846985,
          "beta_std": 0.017137795686721802,
          "sigma_mean": 0.016992228105664253,
          "sigma_std": 0.000879827537573874,
          "sigma_min": 0.014944469556212425,
          "sigma_max": 0.019775282591581345
        },
        "lif2": {
          "beta_mean": 0.9393565654754639,
          "beta_std": 0.00899954978376627,
          "sigma_mean": 0.01874791644513607,
          "sigma_std": 0.0009357041562907398,
          "sigma_min": 0.017009379342198372,
          "sigma_max": 0.0208792332559824
        },
        "lif3": {
          "beta_mean": 0.9473671317100525,
          "beta_std": 0.0045179519802331924,
          "sigma_mean": 0.02407841384410858,
          "sigma_std": 0.007946659810841084,
          "sigma_min": 0.018320303410291672,
          "sigma_max": 0.07814677804708481
        },
        "lif4": {
          "beta_mean": 0.9531852006912231,
          "beta_std": 0.0035040320362895727,
          "sigma_mean": 0.01973883807659149,
          "sigma_std": 0.0006176705937832594,
          "sigma_min": 0.018482644110918045,
          "sigma_max": 0.021428488194942474
        }
      }
    },
    {
      "fold": 3,
      "accuracy": 0.5875,
      "best_epoch": 40,
      "total_epochs": 50,
      "time_seconds": 294.8,
      "learned_sr_params": {
        "lif1": {
          "beta_mean": 0.9329797029495239,
          "beta_std": 0.017115874215960503,
          "sigma_mean": 0.017243504524230957,
          "sigma_std": 0.0011103900615125895,
          "sigma_min": 0.015584551729261875,
          "sigma_max": 0.01983054168522358
        },
        "lif2": {
          "beta_mean": 0.9417168498039246,
          "beta_std": 0.00749402167275548,
          "sigma_mean": 0.01894287019968033,
          "sigma_std": 0.001087893615476787,
          "sigma_min": 0.01664511114358902,
          "sigma_max": 0.02118835411965847
        },
        "lif3": {
          "beta_mean": 0.9463883638381958,
          "beta_std": 0.008662888780236244,
          "sigma_mean": 0.023730654269456863,
          "sigma_std": 0.006552342791110277,
          "sigma_min": 0.018182994797825813,
          "sigma_max": 0.07318250834941864
        },
        "lif4": {
          "beta_mean": 0.9537011384963989,
          "beta_std": 0.0037528814282268286,
          "sigma_mean": 0.019652066752314568,
          "sigma_std": 0.0006083681946620345,
          "sigma_min": 0.01807893067598343,
          "sigma_max": 0.02110143192112446
        }
      }
    },
    {
      "fold": 4,
      "accuracy": 0.625,
      "best_epoch": 31,
      "total_epochs": 41,
      "time_seconds": 241.4,
      "learned_sr_params": {
        "lif1": {
          "beta_mean": 0.9347561597824097,
          "beta_std": 0.015477947890758514,
          "sigma_mean": 0.017174098640680313,
          "sigma_std": 0.0009679521317593753,
          "sigma_min": 0.015158725902438164,
          "sigma_max": 0.01970583386719227
        },
        "lif2": {
          "beta_mean": 0.940513014793396,
          "beta_std": 0.009175601415336132,
          "sigma_mean": 0.019003326073288918,
          "sigma_std": 0.0010222913697361946,
          "sigma_min": 0.016830062493681908,
          "sigma_max": 0.021046936511993408
        },
        "lif3": {
          "beta_mean": 0.94648277759552,
          "beta_std": 0.007258781231939793,
          "sigma_mean": 0.024157259613275528,
          "sigma_std": 0.007579520810395479,
          "sigma_min": 0.01821802370250225,
          "sigma_max": 0.0682244524359703
        },
        "lif4": {
          "beta_mean": 0.9532743692398071,
          "beta_std": 0.0034999919589608908,
          "sigma_mean": 0.019558602944016457,
          "sigma_std": 0.0006866081967018545,
          "sigma_min": 0.018060198053717613,
          "sigma_max": 0.020805614069104195
        }
      }
    },
    {
      "fold": 5,
      "accuracy": 0.5675,
      "best_epoch": 48,
      "total_epochs": 50,
      "time_seconds": 294.9,
      "learned_sr_params": {
        "lif1": {
          "beta_mean": 0.9357682466506958,
          "beta_std": 0.014600067399442196,
          "sigma_mean": 0.017185332253575325,
          "sigma_std": 0.0007542491657659411,
          "sigma_min": 0.015473302453756332,
          "sigma_max": 0.01891414076089859
        },
        "lif2": {
          "beta_mean": 0.9398353099822998,
          "beta_std": 0.008040237240493298,
          "sigma_mean": 0.019423695281147957,
          "sigma_std": 0.0009729204466566443,
          "sigma_min": 0.01761527918279171,
          "sigma_max": 0.02257687970995903
        },
        "lif3": {
          "beta_mean": 0.9478758573532104,
          "beta_std": 0.00324401562102139,
          "sigma_mean": 0.02365156263113022,
          "sigma_std": 0.007507823873311281,
          "sigma_min": 0.01777707226574421,
          "sigma_max": 0.06802373379468918
        },
        "lif4": {
          "beta_mean": 0.9527798295021057,
          "beta_std": 0.0032723662443459034,
          "sigma_mean": 0.01977863721549511,
          "sigma_std": 0.0006776898517273366,
          "sigma_min": 0.018576787784695625,
          "sigma_max": 0.02228143811225891
        }
      }
    }
  ]
}