{
  "experiment": "astrocyte_snn",
  "folds": [
    1,
    2,
    3,
    4,
    5
  ],
  "fold_accuracies": [
    0.5625,
    0.5725,
    0.5225,
    0.58,
    0.565
  ],
  "mean_accuracy": 0.5605,
  "std_accuracy": 0.019962464777677134,
  "aggregated_astrocyte_params": {
    "astro_lif1": {
      "mean_tau": 0.9893605589866639,
      "mean_gain": -0.016849822038784622,
      "mean_target": 0.0932532787322998
    },
    "astro_lif2": {
      "mean_tau": 0.9908990502357483,
      "mean_gain": -0.10656836926937104,
      "mean_target": 0.10327847003936767
    },
    "astro_lif3": {
      "mean_tau": 0.9793357372283935,
      "mean_gain": 0.4681269288063049,
      "mean_target": 0.09684379249811173
    },
    "astro_lif4": {
      "mean_tau": 0.9863761067390442,
      "mean_gain": 0.6457266569137573,
      "mean_target": 0.17320365607738494
    }
  },
  "baseline_comparison": {
    "baseline_direct_5fold": 0.4715,
    "note": "Baseline SNN (direct encoding, 5-fold): 47.15% +/- 4.50%"
  }
}