{
  "fold": 1,
  "percentile": 99.9,
  "max_timesteps": 100,
  "thresholds": {
    "conv1_bn": 3.4399309158325195,
    "conv2_bn": 5.610422611236572,
    "fc1": 27.667070388793945,
    "fc2": 14.030006408691406
  },
  "ann_accuracy": 0.5875,
  "timestep_values": [
    1,
    4,
    8,
    16,
    25,
    50,
    100
  ],
  "snn_results": {
    "1": {
      "accuracy": 0.02,
      "pct_of_ann": 3.404255319148936,
      "gap_pp": 56.75,
      "eval_time_s": 0.06
    },
    "4": {
      "accuracy": 0.02,
      "pct_of_ann": 3.404255319148936,
      "gap_pp": 56.75,
      "eval_time_s": 0.1
    },
    "8": {
      "accuracy": 0.02,
      "pct_of_ann": 3.404255319148936,
      "gap_pp": 56.75,
      "eval_time_s": 0.17
    },
    "16": {
      "accuracy": 0.02,
      "pct_of_ann": 3.404255319148936,
      "gap_pp": 56.75,
      "eval_time_s": 0.33
    },
    "25": {
      "accuracy": 0.02,
      "pct_of_ann": 3.404255319148936,
      "gap_pp": 56.75,
      "eval_time_s": 0.49
    },
    "50": {
      "accuracy": 0.0325,
      "pct_of_ann": 5.531914893617021,
      "gap_pp": 55.50000000000001,
      "eval_time_s": 0.95
    },
    "100": {
      "accuracy": 0.0375,
      "pct_of_ann": 6.382978723404255,
      "gap_pp": 55.00000000000001,
      "eval_time_s": 1.87
    }
  },
  "convergence_T_95pct": null
}