{
  "fold_1": {
    "fold": 1,
    "best_accuracy": 0.51,
    "best_epoch": 35,
    "total_epochs": 45,
    "total_params": 622252,
    "delay_params": 306,
    "max_delay": 5,
    "delay_stats": {
      "fc1": {
        "delays_mean": 0.43340975046157837,
        "delays_std": 0.27832362055778503,
        "delays_min": 0.0,
        "delays_max": 1.024161696434021,
        "delays_median": 0.44891491532325745,
        "delays_histogram": {
          "d=0": 138,
          "d=1": 118,
          "d=2": 0,
          "d=3": 0,
          "d=4": 0,
          "d=5": 0
        },
        "delays_all": [
          0.37308239936828613,
          0.357224702835083,
          0.19357459247112274,
          0.0,
          0.0,
          0.0,
          0.37924855947494507,
          0.6404302716255188,
          0.8925051093101501,
          0.9549591541290283,
          0.2888433635234833,
          0.0,
          0.09252164512872696,
          0.2828998863697052,
          0.7188852429389954,
          0.9257079362869263,
          0.6992492079734802,
          0.7546074986457825,
          0.12497426569461823,
          0.15667150914669037,
          0.4074137210845947,
          0.05938329920172691,
          0.8011156320571899,
          0.778806746006012,
          0.34849563241004944,
          0.02191256918013096,
          0.17878268659114838,
          0.6621706485748291,
          0.5164778232574463,
          0.5474136471748352,
          0.15694758296012878,
          0.44891491532325745,
          0.7263560891151428,
          0.03603800758719444,
          0.3274501860141754,
          0.0,
          0.4010007977485657,
          0.8536769151687622,
          0.0,
          0.5480189323425293,
          0.15894849598407745,
          0.0,
          0.0,
          0.7705914378166199,
          0.7308681607246399,
          0.775715172290802,
          0.7534550428390503,
          0.10393839329481125,
          0.5954723358154297,
          0.0,
          0.7425768375396729,
          0.6331523060798645,
          0.30696848034858704,
          0.29127463698387146,
          0.04860610142350197,
          0.4371192753314972,
          0.6334406137466431,
          0.5429632663726807,
          0.3020975589752197,
          0.1450352668762207,
          0.1627843976020813,
          0.7593491673469543,
          0.6977072954177856,
          0.0,
          0.5261215567588806,
          0.2110392153263092,
          0.2803724408149719,
          0.5619330406188965,
          0.6576813459396362,
          0.7153527736663818,
          0.6787999868392944,
          0.8002434968948364,
          0.5157347917556763,
          0.701128363609314,
          0.3935762643814087,
          0.6911370158195496,
          0.2030676007270813,
          0.09064856916666031,
          0.585663378238678,
          0.7995546460151672,
          0.10719269514083862,
          0.4827498495578766,
          0.6532610058784485,
          0.5035914778709412,
          0.0,
          0.4909004867076874,
          0.04914839565753937,
          0.7024109959602356,
          0.0,
          0.0,
          0.19756962358951569,
          0.4645252227783203,
          0.7150204181671143,
          0.8675265312194824,
          0.0,
          0.1554833948612213,
          0.18703152239322662,
          0.5435254573822021,
          0.5026840567588806,
          0.6702550649642944,
          0.4764871299266815,
          0.5430912375450134,
          0.6979731321334839,
          0.6255367398262024,
          0.2590242922306061,
          0.6171335577964783,
          0.5448859333992004,
          0.03197811543941498,
          0.6445103883743286,
          0.1401023119688034,
          0.4937232434749603,
          0.513878345489502,
          0.7171179056167603,
          0.7529065608978271,
          0.16431204974651337,
          0.67537522315979,
          0.5112788677215576,
          0.2276000678539276,
          0.2917529344558716,
          0.2378074675798416,
          0.7612043619155884,
          0.6732075214385986,
          0.15132325887680054,
          0.22646935284137726,
          0.3092750012874603,
          0.41919809579849243,
          0.45703986287117004,
          0.3099437654018402,
          0.0,
          0.7607735991477966,
          0.44573041796684265,
          0.6612861752510071,
          0.5758849382400513,
          0.3580976724624634,
          0.20006664097309113,
          0.8478816747665405,
          0.8367019295692444,
          0.13967931270599365,
          0.8045503497123718,
          0.3711048364639282,
          0.4588169455528259,
          0.5681860446929932,
          0.7860470414161682,
          0.7383546233177185,
          0.349667489528656,
          0.2876357138156891,
          0.4064435064792633,
          0.296124666929245,
          0.22013965249061584,
          0.8422603607177734,
          0.5371721386909485,
          0.7545605301856995,
          0.14409922063350677,
          0.42683106660842896,
          1.024161696434021,
          0.4915509819984436,
          0.17442238330841064,
          0.0,
          0.8984780311584473,
          0.27157434821128845,
          0.56552654504776,
          0.28463131189346313,
          0.26058703660964966,
          0.08966626971960068,
          0.0,
          0.4000663757324219,
          0.9109805822372437,
          0.0,
          0.6687406897544861,
          0.08486673980951309,
          0.7406439781188965,
          0.7216192483901978,
          0.48044353723526,
          0.5514400005340576,
          0.8479575514793396,
          0.8300262689590454,
          0.6748932003974915,
          0.0,
          0.29088741540908813,
          0.4067409336566925,
          0.36886119842529297,
          0.18475517630577087,
          0.5717519521713257,
          0.7351672649383545,
          0.0,
          0.0,
          0.0,
          0.0,
          0.2741865813732147,
          0.26519882678985596,
          0.6422199010848999,
          0.0,
          0.6866079568862915,
          0.789948046207428,
          0.6965557336807251,
          0.3730581998825073,
          0.5738288760185242,
          0.5316041111946106,
          0.0,
          0.7312071919441223,
          0.27740830183029175,
          0.16059210896492004,
          0.20158259570598602,
          0.7671140432357788,
          0.23535221815109253,
          0.7562770843505859,
          0.4249270260334015,
          0.15503047406673431,
          0.5057772397994995,
          0.35009104013442993,
          0.27562668919563293,
          0.4472360610961914,
          0.6946563720703125,
          0.6343135833740234,
          0.08640740066766739,
          0.5965166687965393,
          0.8856894969940186,
          0.6524120569229126,
          0.1668929159641266,
          0.0,
          0.6398206353187561,
          0.47836872935295105,
          0.4283831715583801,
          0.890419602394104,
          0.4202542304992676,
          0.6925041079521179,
          0.59816974401474,
          0.5690127611160278,
          0.5919373631477356,
          0.20663370192050934,
          0.576895534992218,
          0.5731080174446106,
          0.856987476348877,
          0.9062756299972534,
          0.10349469631910324,
          0.3294123113155365,
          0.5145029425621033,
          0.9336472153663635,
          0.0,
          0.660949170589447,
          0.7857864499092102,
          0.0,
          0.6767008304595947,
          0.420229434967041,
          0.024891220033168793,
          0.2330453246831894,
          0.27629217505455017,
          0.5073692798614502,
          0.15399646759033203,
          0.7134685516357422,
          0.6550835967063904,
          0.17128416895866394,
          0.11479496955871582,
          0.2731685936450958,
          0.852056086063385,
          0.5102041959762573
        ]
      },
      "fc2": {
        "delays_mean": 0.05850210785865784,