{
  "fold_1": {
    "fold": 1,
    "best_accuracy": 0.51,
    "best_epoch": 35,
    "total_epochs": 45,
    "total_params": 622252,
    "delay_params": 306,
    "max_delay": 5,
    "delay_stats": {
      "fc1": {
        "delays_mean": 0.43340975046157837,
        "delays_std": 0.27832362055778503,
        "delays_min": 0.0,
        "delays_max": 1.024161696434021,
        "delays_median": 0.44891491532325745,
        "delays_histogram": {
          "d=0": 138,
          "d=1": 118,
          "d=2": 0,
          "d=3": 0,
          "d=4": 0,
          "d=5": 0
        },
        "delays_all": [
          0.37308239936828613,
          0.357224702835083,
          0.19357459247112274,
          0.0,
          0.0,
          0.0,
          0.37924855947494507,
          0.6404302716255188,
          0.8925051093101501,
          0.9549591541290283,
          0.2888433635234833,
          0.0,
          0.09252164512872696,
          0.2828998863697052,
          0.7188852429389954,
          0.9257079362869263,
          0.6992492079734802,
          0.7546074986457825,
          0.12497426569461823,
          0.15667150914669037,
          0.4074137210845947,
          0.05938329920172691,
          0.8011156320571899,
          0.778806746006012,
          0.34849563241004944,
          0.02191256918013096,
          0.17878268659114838,
          0.6621706485748291,
          0.5164778232574463,
          0.5474136471748352,
          0.15694758296012878,
          0.44891491532325745,
          0.7263560891151428,
          0.03603800758719444,
          0.3274501860141754,
          0.0,
          0.4010007977485657,
          0.8536769151687622,
          0.0,
          0.5480189323425293,
          0.15894849598407745,
          0.0,
          0.0,
          0.7705914378166199,
          0.7308681607246399,
          0.775715172290802,
          0.7534550428390503,
          0.10393839329481125,
          0.5954723358154297,
          0.0,
          0.7425768375396729,
          0.6331523060798645,
          0.30696848034858704,
          0.29127463698387146,
          0.04860610142350197,
          0.4371192753314972,
          0.6334406137466431,
          0.5429632663726807,
          0.3020975589752197,
          0.1450352668762207,
          0.1627843976020813,
          0.7593491673469543,
          0.6977072954177856,
          0.0,
          0.5261215567588806,
          0.2110392153263092,
          0.2803724408149719,
          0.5619330406188965,
          0.6576813459396362,
          0.7153527736663818,
          0.6787999868392944,
          0.8002434968948364,
          0.5157347917556763,
          0.701128363609314,
          0.3935762643814087,
          0.6911370158195496,
          0.2030676007270813,
          0.09064856916666031,
          0.585663378238678,
          0.7995546460151672,
          0.10719269514083862,
          0.4827498495578766,
          0.6532610058784485,
          0.5035914778709412,
          0.0,
          0.4909004867076874,
          0.04914839565753937,
          0.7024109959602356,
          0.0,
          0.0,
          0.19756962358951569,
          0.4645252227783203,
          0.7150204181671143,
          0.8675265312194824,
          0.0,
          0.1554833948612213,
          0.18703152239322662,
          0.5435254573822021,
          0.5026840567588806,
          0.6702550649642944,
          0.4764871299266815,
          0.5430912375450134,
          0.6979731321334839,
          0.6255367398262024,
          0.2590242922306061,
          0.6171335577964783,
          0.5448859333992004,
          0.03197811543941498,
          0.6445103883743286,
          0.1401023119688034,
          0.4937232434749603,
          0.513878345489502,
          0.7171179056167603,
          0.7529065608978271,
          0.16431204974651337,
