{
  "experiment": "combo_rhythm_kd_tet_lbeta_drop_sre",
  "fold_accuracies": [
    0.5275,
    0.5375,
    0.4525,
    0.6025,
    0.475
  ],
  "mean_accuracy": 0.5189999999999999,
  "std_accuracy": 0.05243090691567333
