{
  "experiment": "combo_kd_cochleagram_lbeta_lthresh_drop_sre",
  "fold_accuracies": [
    0.075,
    0.0475,
    0.05,
    0.065,
    0.04
  ],
  "mean_accuracy": 0.05550000000000001,
  "std_accuracy": 0.012688577540449518
}