{
  "experiment": "combo_kd_cochleagram_lbeta_lthresh_drop_sre",
  "fold_accuracies": [
    0.06,
    0.0525,
    0.06,
    0.075,
    0.04
  ],
  "mean_accuracy": 0.057499999999999996,
  "std_accuracy": 0.011401754250991379
