{
  "experiment": "combo_rhythm_kd_hybrid_lbeta_drop_sre",
  "fold_accuracies": [
    0.4175,
    0.4225,
    0.4075,
    0.4375,
    0.345
  ],
  "mean_accuracy": 0.40599999999999997,
  "std_accuracy": 0.03200000000000001
}