{
  "fold_1": {
    "fold": 1,
    "best_accuracy": 0.025,
    "best_epoch": 4,
    "total_epochs": 14,
    "total_params": 624350,
    "num_branches": 3,
    "branch_stats": {
      "dlif1": {
        "betas_mean": [
          NaN,
          NaN,
          NaN
        ],
        "betas_std": [
          NaN,
          NaN,
          NaN
        ],
        "gates_mean": [
          NaN,
          NaN,
          NaN
        ],
        "gates_std": [
          NaN,
          NaN,
          NaN
        ]
      },
      "dlif2": {
        "betas_mean": [
          0.699970006942749,
          0.899970293045044,
          0.9899988174438477
        ],
        "betas_std": [
          0.0009824407752603292,
          0.0004349106166046113,
          6.383427535183728e-05
        ],
        "gates_mean": [
          0.3333081305027008,
          0.33329957723617554,
          0.33339226245880127
        ],
        "gates_std": [
          0.0013210162287577987,
          0.0006857758271507919,
          0.0007030682172626257
        ]
      },
      "dlif3": {
        "betas_mean": [
          0.7015674710273743,
