{
  "fold_1": {
    "fold": 1,
    "best_accuracy": 0.025,
    "best_epoch": 4,
    "total_epochs": 14,
    "total_params": 624350,
    "num_branches": 3,
    "branch_stats": {
      "dlif1": {
        "betas_mean": [
          NaN,
          NaN,
          NaN
        ],
        "betas_std": [
          NaN,
          NaN,
          NaN
        ],
        "gates_mean": [
          NaN,
          NaN,
          NaN
        ],
        "gates_std": [
          NaN,
          NaN,
          NaN
        ]
      },
      "dlif2": {
        "betas_mean": [
          0.699970006942749,
          0.899970293045044,
          0.9899988174438477
        ],
        "betas_std": [
          0.0009824407752603292,
          0.0004349106166046113,
          6.383427535183728e-05
        ],
        "gates_mean": [
          0.3333081305027008,
          0.33329957723617554,
          0.33339226245880127
        ],
        "gates_std": [
          0.0013210162287577987,
          0.0006857758271507919,
          0.0007030682172626257
        ]
      },
      "dlif3": {
        "betas_mean": [
          0.7015674710273743,
          0.9004760980606079,
          0.9900314211845398
        ],
        "betas_std": [
          0.002571617253124714,
          0.0012400972191244364,
          0.00011197308049304411
        ],
        "gates_mean": [
          0.32958197593688965,
          0.3352804183959961,
          0.33513760566711426
        ],
        "gates_std": [
          0.007418870460242033,
          0.0031965982634574175,
          0.004969716537743807
        ]
      },
      "dlif4": {
        "betas_mean": [
          0.7110353112220764,
          0.9041128754615784,
          0.9903828501701355
        ],
        "betas_std": [
          0.006982123013585806,
          0.0027077896520495415,
          0.000289102375973016
        ],
        "gates_mean": [
          0.3100132942199707,
          0.34817206859588623,
          0.34181463718414307
        ],
        "gates_std": [
          0.01516011543571949,
          0.010187734849750996,
          0.006437087897211313
        ]
      }
    },
    "epoch_log": [
      {
        "epoch": 1,
        "train_loss": 97.8379,
        "train_acc": 0.0244,
        "test_loss": 97.5621,
        "test_acc": 0.02
      },
      {
        "epoch": 2,
        "train_loss": 97.6258,
        "train_acc": 0.0256,
        "test_loss": 97.4733,
        "test_acc": 0.02
      },
      {
        "epoch": 3,
        "train_loss": 97.3928,
        "train_acc": 0.025,
        "test_loss": 97.1717,
        "test_acc": 0.02
      },
      {
        "epoch": 4,
        "train_loss": 97.2809,
        "train_acc": 0.0288,
        "test_loss": 96.8523,
        "test_acc": 0.025
      },
      {
        "epoch": 5,
        "train_loss": 96.928,
        "train_acc": 0.0269,
        "test_loss": 96.2561,
        "test_acc": 0.02
      },
      {
        "epoch": 6,
        "train_loss": 96.2619,
        "train_acc": 0.02,
        "test_loss": 95.8674,
        "test_acc": 0.02
      },
      {
        "epoch": 7,
        "train_loss": 96.0445,
        "train_acc": 0.0219,
        "test_loss": 95.5802,
        "test_acc": 0.02
      },
      {
        "epoch": 8,
        "train_loss": 95.6221,
        "train_acc": 0.0262,
        "test_loss": 95.3452,
        "test_acc": 0.0225
      },
      {
        "epoch": 9,
        "train_loss": 95.411,
        "train_acc": 0.0294,
        "test_loss": 95.1051,
        "test_acc": 0.02
      },
      {
        "epoch": 10,
        "train_loss": 94.9972,
        "train_acc": 0.0306,
        "test_loss": 94.2886,
        "test_acc": 0.025
      },
      {
        "epoch": 11,
        "train_loss": 94.5458,
        "train_acc": 0.0356,
        "test_loss": 94.2476,
        "test_acc": 0.025
      },
      {
        "epoch": 12,
        "train_loss": 94.3103,
        "train_acc": 0.0356,
        "test_loss": 94.1992,
        "test_acc": 0.02
      },
      {
        "epoch": 13,
        "train_loss": 93.889,
        "train_acc": 0.0369,
        "test_loss": 93.6859,
        "test_acc": 0.025
      },
      {
        "epoch": 14,
        "train_loss": 93.4308,
        "train_acc": 0.0413,
        "test_loss": 93.3439,
        "test_acc": 0.025
      }
    ]
  },
  "fold_2": {
    "fold": 2,
    "best_accuracy": 0.1425,
    "best_epoch": 30,
    "total_epochs": 40,
    "total_params": 624350,
    "num_branches": 3,
    "branch_stats": {
      "dlif1": {
        "betas_mean": [
          NaN,
          NaN,
          NaN
        ],
        "betas_std": [
          NaN,
          NaN,
          NaN
        ],
        "gates_mean": [
          NaN,
          NaN,
          NaN
        ],
        "gates_std": [
          NaN,
          NaN,
          NaN
        ]
      },
      "dlif2": {
        "betas_mean": [
          0.7000223994255066,
          0.9000110030174255,
          0.9900060892105103
        ],
        "betas_std": [
          0.0006229947321116924,
          0.00030393811175599694,
          4.766992060467601e-05
        ],
        "gates_mean": [
          0.33364471793174744,
          0.3331880569458008,
          0.33316725492477417
        ],
        "gates_std": [
          0.0011913520283997059,
          0.0005776053876616061,
          0.0006457359413616359
        ]
      },
      "dlif3": {
        "betas_mean": [
          0.7069488763809204,
          0.9037802219390869,
          0.9903357028961182
        ],
        "betas_std": [
          0.011813954450190067,
          0.006390885915607214,
          0.000617262558080256
        ],
        "gates_mean": [
          0.31455883383750916,
          0.33734196424484253,
          0.3480991721153259
        ],
        "gates_std": [
          0.030150648206472397,
          0.014361193403601646,
          0.03082151524722576
        ]
      },
      "dlif4": {
        "betas_mean": [
          0.7457044720649719,
          0.9197275042533875,
          0.9918782711029053
        ],
        "betas_std": [
          0.01240801252424717,
          0.00644536642357707,
          0.0006409916677512228
        ],
        "gates_mean": [
          0.21708503365516663,
          0.4248414933681488,
          0.3580734133720398
        ],
        "gates_std": [
          0.03148134425282478,
          0.03924982622265816,
          0.022845953702926636
        ]
      }
    },
    "epoch_log": [
      {
        "epoch": 1,
        "train_loss": 97.8359,
        "train_acc": 0.0262,
        "test_loss": 97.6399,
        "test_acc": 0.0275
      },
      {
        "epoch": 2,
        "train_loss": 97.6418,
        "train_acc": 0.0206,
        "test_loss": 97.5824,
        "test_acc": 0.0325
      },
      {
        "epoch": 3,
        "train_loss": 97.3628,
        "train_acc": 0.025,
        "test_loss": 97.0946,
        "test_acc": 0.0225
      },
      {
        "epoch": 4,
        "train_loss": 96.912,
        "train_acc": 0.0231,
        "test_loss": 96.6619,
        "test_acc": 0.02
      },
      {
        "epoch": 5,
        "train_loss": 96.5673,
        "train_acc": 0.0206,
        "test_loss": 96.0393,
        "test_acc": 0.02
      },
      {
        "epoch": 6,
        "train_loss": 95.9034,
        "train_acc": 0.0238,
        "test_loss": 95.4114,
        "test_acc": 0.03
      },
      {
        "epoch": 7,
        "train_loss": 95.4685,
        "train_acc": 0.0256,
        "test_loss": 95.063,
        "test_acc": 0.0275
      },
      {
        "epoch": 8,
        "train_loss": 95.3962,
        "train_acc": 0.0231,
        "test_loss": 95.017,
        "test_acc": 0.03
      },
      {
        "epoch": 9,
        "train_loss": 95.3495,
        "train_acc": 0.0256,
        "test_loss": 94.9963,
        "test_acc": 0.035
      },
      {
        "epoch": 10,
        "train_loss": 95.1769,
        "train_acc": 0.0213,
        "test_loss": 94.6759,
        "test_acc": 0.0275
      },
      {
        "epoch": 11,