{
  "fold_1": {
    "fold": 1,
    "best_accuracy": 0.025,
    "best_epoch": 4,
    "total_epochs": 14,
    "total_params": 624350,
    "num_branches": 3,
    "branch_stats": {
      "dlif1": {
        "betas_mean": [
          NaN,
          NaN,
          NaN
        ],
        "betas_std": [
          NaN,
          NaN,
          NaN
        ],
        "gates_mean": [
          NaN,
          NaN,
          NaN
        ],
        "gates_std": [
          NaN,
          NaN,
          NaN
        ]
      },
      "dlif2": {
        "betas_mean": [
          0.699970006942749,
          0.899970293045044,
          0.9899988174438477
        ],
        "betas_std": [
          0.0009824407752603292,
          0.0004349106166046113,
          6.383427535183728e-05
        ],
        "gates_mean": [
          0.3333081305027008,
          0.33329957723617554,
          0.33339226245880127
        ],
        "gates_std": [
          0.0013210162287577987,
          0.0006857758271507919,
          0.0007030682172626257
        ]
      },
      "dlif3": {
        "betas_mean": [
          0.7015674710273743,
          0.9004760980606079,
          0.9900314211845398
        ],
        "betas_std": [
          0.002571617253124714,
          0.0012400972191244364,
          0.00011197308049304411
        ],
        "gates_mean": [
          0.32958197593688965,
          0.3352804183959961,
          0.33513760566711426
        ],
        "gates_std": [
          0.007418870460242033,
          0.0031965982634574175,
          0.004969716537743807
        ]
      },
      "dlif4": {
        "betas_mean": [
          0.7110353112220764,
          0.9041128754615784,
          0.9903828501701355
        ],
        "betas_std": [
          0.006982123013585806,
          0.0027077896520495415,
