{
  "fold": 2,
  "seed": 42,
  "best_accuracy": 0.635,
  "best_epoch": 45,
  "total_epochs": 50,
  "time_seconds": 301.7,
  "total_params": 623546,
  "oscillation_params": 1608,
  "oscillation_summary": {
    "lif1": {
      "beta_mean": 0.936331033706665,
      "beta_std": 0.013441400602459908,
      "amplitude_mean": -0.03311116620898247,
      "amplitude_std": 0.2004358023405075,
      "amplitude_abs_mean": 0.13899517059326172,
      "frequency_mean": 2.1473679542541504,
      "frequency_std": 1.30367910861969,
      "phase_mean": 0.014944536611437798,
      "phase_std": 0.24504734575748444
    },
    "lif2": {
      "beta_mean": 0.9410345554351807,
      "beta_std": 0.008727994747459888,
      "amplitude_mean": -0.04899562895298004,
      "amplitude_std": 0.08061403036117554,
      "amplitude_abs_mean": 0.07770243287086487,
      "frequency_mean": 2.880648136138916,
