{
  "experiment": "rhythm_snn",
  "seed": 42,
  "epochs": 50,
  "patience": 10,
  "fold_accuracies": [
    0.6025,
    0.635,
    0.615,
    0.625,
    0.5775
  ],
  "mean_accuracy": 0.611,
  "std_accuracy": 0.019912307751739872,
  "baseline_mean": 0.4715,
  "baseline_std": 0.045,
  "delta_vs_baseline_pp": 13.95,
  "total_params": 623546,
  "oscillation_params": 1608,
  "per_fold": [
    {
      "fold": 1,
      "accuracy": 0.6025,
      "best_epoch": 32,
      "total_epochs": 42,
      "time_seconds": 257.4,
      "oscillation_summary": {
        "lif1": {
          "beta_mean": 0.9367728233337402,
          "beta_std": 0.013530166819691658,
          "amplitude_mean": -0.03314666822552681,
          "amplitude_std": 0.19402185082435608,
          "amplitude_abs_mean": 0.14141687750816345,
          "frequency_mean": 2.1553874015808105,
          "frequency_std": 1.2903406620025635,
          "phase_mean": -0.003354571759700775,
          "phase_std": 0.26070451736450195
        },
        "lif2": {
          "beta_mean": 0.9410034418106079,
          "beta_std": 0.00888154562562704,
          "amplitude_mean": -0.06400997936725616,
          "amplitude_std": 0.0969315841794014,
          "amplitude_abs_mean": 0.09977192431688309,
          "frequency_mean": 2.8766355514526367,
          "frequency_std": 1.302096962928772,
          "phase_mean": 0.05905616283416748,
          "phase_std": 0.1791096031665802
        },
        "lif3": {
          "beta_mean": 0.9466689229011536,
          "beta_std": 0.004976917523890734,
          "amplitude_mean": 0.13232028484344482,
          "amplitude_std": 0.061167314648628235,
          "amplitude_abs_mean": 0.13232028484344482,
          "frequency_mean": 2.517104148864746,
          "frequency_std": 1.2712265253067017,
          "phase_mean": 0.11108975857496262,
          "phase_std": 0.12823174893856049
        },
        "lif4": {
          "beta_mean": 0.9527468681335449,
          "beta_std": 0.0037442257162183523,
          "amplitude_mean": 0.0038088234141469,
          "amplitude_std": 0.04193274304270744,
          "amplitude_abs_mean": 0.0333905965089798,
          "frequency_mean": 2.3177123069763184,
          "frequency_std": 1.3251641988754272,
          "phase_mean": 0.0109639260917902,
          "phase_std": 0.068426214158535
        }
      }
    },
    {
      "fold": 2,
      "accuracy": 0.635,
      "best_epoch": 45,
      "total_epochs": 50,
      "time_seconds": 301.7,
      "oscillation_summary": {
        "lif1": {
          "beta_mean": 0.936331033706665,
          "beta_std": 0.013441400602459908,
          "amplitude_mean": -0.03311116620898247,
          "amplitude_std": 0.2004358023405075,
          "amplitude_abs_mean": 0.13899517059326172,
          "frequency_mean": 2.1473679542541504,
          "frequency_std": 1.30367910861969,
          "phase_mean": 0.014944536611437798,
          "phase_std": 0.24504734575748444
        },
        "lif2": {
          "beta_mean": 0.9410345554351807,
          "beta_std": 0.008727994747459888,
          "amplitude_mean": -0.04899562895298004,
          "amplitude_std": 0.08061403036117554,
          "amplitude_abs_mean": 0.07770243287086487,
          "frequency_mean": 2.880648136138916,
          "frequency_std": 1.3051509857177734,
          "phase_mean": 0.028969835489988327,
          "phase_std": 0.17013564705848694
        },
        "lif3": {
          "beta_mean": 0.9466679096221924,
          "beta_std": 0.004743290599435568,
          "amplitude_mean": 0.13238739967346191,
          "amplitude_std": 0.05853772163391113,
          "amplitude_abs_mean": 0.13238739967346191,
          "frequency_mean": 2.510045289993286,
          "frequency_std": 1.2652153968811035,
          "phase_mean": 0.10684681683778763,
          "phase_std": 0.1296575665473938
        },
        "lif4": {
          "beta_mean": 0.9529849290847778,
          "beta_std": 0.0034190022852271795,
          "amplitude_mean": 0.00334381521679461,
          "amplitude_std": 0.03890017792582512,
          "amplitude_abs_mean": 0.030546817928552628,
          "frequency_mean": 2.3144290447235107,
          "frequency_std": 1.3214961290359497,
          "phase_mean": -0.0018918447894975543,
          "phase_std": 0.06260020285844803
        }
      }
    },
    {
      "fold": 3,
      "accuracy": 0.615,
      "best_epoch": 46,
      "total_epochs": 50,
      "time_seconds": 302.4,
      "oscillation_summary": {
        "lif1": {
          "beta_mean": 0.9336204528808594,
          "beta_std": 0.015447120182216167,
          "amplitude_mean": -0.03661247342824936,
          "amplitude_std": 0.1733967512845993,
          "amplitude_abs_mean": 0.11999167501926422,
          "frequency_mean": 2.178947925567627,
          "frequency_std": 1.3178050518035889,
          "phase_mean": -0.00040094833821058273,
          "phase_std": 0.22451792657375336
        },
        "lif2": {
          "beta_mean": 0.9405113458633423,
          "beta_std": 0.007932399399578571,
          "amplitude_mean": -0.0621141642332077,
          "amplitude_std": 0.09226704388856888,
          "amplitude_abs_mean": 0.0928509384393692,
          "frequency_mean": 2.8880245685577393,
          "frequency_std": 1.3107861280441284,
          "phase_mean": 0.08987866342067719,
          "phase_std": 0.19288107752799988
        },
        "lif3": {
          "beta_mean": 0.9454734325408936,
          "beta_std": 0.010388033464550972,
          "amplitude_mean": 0.13859304785728455,
          "amplitude_std": 0.07144386321306229,
          "amplitude_abs_mean": 0.13859304785728455,
          "frequency_mean": 2.50576114654541,
          "frequency_std": 1.2706332206726074,
          "phase_mean": 0.13125452399253845,
          "phase_std": 0.15234555304050446
        },
        "lif4": {
          "beta_mean": 0.9531750082969666,
          "beta_std": 0.0032797791063785553,
          "amplitude_mean": 0.003097592620179057,
          "amplitude_std": 0.04516790062189102,
          "amplitude_abs_mean": 0.035977378487586975,
          "frequency_mean": 2.304131031036377,
          "frequency_std": 1.3116710186004639,
          "phase_mean": 0.006913586053997278,
          "phase_std": 0.06911163032054901
        }
      }
    },
    {
      "fold": 4,
      "accuracy": 0.625,
      "best_epoch": 34,
      "total_epochs": 44,
      "time_seconds": 265.8,
      "oscillation_summary": {
        "lif1": {
          "beta_mean": 0.9346689581871033,
          "beta_std": 0.014782227575778961,
          "amplitude_mean": -0.022707004100084305,
          "amplitude_std": 0.1612604409456253,
          "amplitude_abs_mean": 0.11572591960430145,
          "frequency_mean": 2.1748838424682617,
          "frequency_std": 1.2985649108886719,
          "phase_mean": -0.020120445638895035,
          "phase_std": 0.2246190905570984
        },
        "lif2": {
          "beta_mean": 0.9394667148590088,
          "beta_std": 0.00917884986847639,
          "amplitude_mean": -0.056758493185043335,
          "amplitude_std": 0.07463718205690384,
          "amplitude_abs_mean": 0.07839496433734894,
          "frequency_mean": 2.8805975914001465,
          "frequency_std": 1.304308295249939,
          "phase_mean": 0.010577129200100899,
          "phase_std": 0.13099360466003418
        },
        "lif3": {
          "beta_mean": 0.9464386701583862,
          "beta_std": 0.008910254575312138,
          "amplitude_mean": 0.1321830153465271,
          "amplitude_std": 0.0628509372472763,
          "amplitude_abs_mean": 0.1321830153465271,
          "frequency_mean": 2.5219826698303223,
          "frequency_std": 1.2828760147094727,
          "phase_mean": 0.11390365660190582,
          "phase_std": 0.12816932797431946
        },
        "lif4": {
          "beta_mean": 0.9534016251564026,
          "beta_std": 0.00334532861597836,
          "amplitude_mean": -0.0027083365712314844,