{
  "experiment": "rhythm_snn",
  "seed": 42,
  "epochs": 50,
  "patience": 10,
  "fold_accuracies": [
    0.6025,
    0.635,
    0.615,
    0.625,
    0.5775
  ],
  "mean_accuracy": 0.611,
  "std_accuracy": 0.019912307751739872,
  "baseline_mean": 0.4715,
  "baseline_std": 0.045,
  "delta_vs_baseline_pp": 13.95,
  "total_params": 623546,
  "oscillation_params": 1608,
  "per_fold": [
    {
      "fold": 1,
      "accuracy": 0.6025,
      "best_epoch": 32,
      "total_epochs": 42,
      "time_seconds": 257.4,
      "oscillation_summary": {
        "lif1": {
          "beta_mean": 0.9367728233337402,
          "beta_std": 0.013530166819691658,
          "amplitude_mean": -0.03314666822552681,
          "amplitude_std": 0.19402185082435608,
          "amplitude_abs_mean": 0.14141687750816345,
          "frequency_mean": 2.1553874015808105,
          "frequency_std": 1.2903406620025635,
          "phase_mean": -0.003354571759700775,
          "phase_std": 0.26070451736450195
        },
        "lif2": {
          "beta_mean": 0.9410034418106079,
          "beta_std": 0.00888154562562704,
          "amplitude_mean": -0.06400997936725616,
          "amplitude_std": 0.0969315841794014,
          "amplitude_abs_mean": 0.09977192431688309,
          "frequency_mean": 2.8766355514526367,
          "frequency_std": 1.302096962928772,
          "phase_mean": 0.05905616283416748,
          "phase_std": 0.1791096031665802
        },
        "lif3": {
          "beta_mean": 0.9466689229011536,
          "beta_std": 0.004976917523890734,
          "amplitude_mean": 0.13232028484344482,
          "amplitude_std": 0.061167314648628235,
          "amplitude_abs_mean": 0.13232028484344482,
          "frequency_mean": 2.517104148864746,
          "frequency_std": 1.2712265253067017,
          "phase_mean": 0.11108975857496262,
          "phase_std": 0.12823174893856049
        },
        "lif4": {
          "beta_mean": 0.9527468681335449,
          "beta_std": 0.0037442257162183523,
          "amplitude_mean": 0.0038088234141469,
          "amplitude_std": 0.04193274304270744,
          "amplitude_abs_mean": 0.0333905965089798,
          "frequency_mean": 2.3177123069763184,
          "frequency_std": 1.3251641988754272,
          "phase_mean": 0.0109639260917902,
          "phase_std": 0.068426214158535
        }
      }
    },
    {
      "fold": 2,
      "accuracy": 0.635,
      "best_epoch": 45,
      "total_epochs": 50,
      "time_seconds": 301.7,
      "oscillation_summary": {
        "lif1": {
          "beta_mean": 0.936331033706665,
          "beta_std": 0.013441400602459908,
          "amplitude_mean": -0.03311116620898247,
          "amplitude_std": 0.2004358023405075,
          "amplitude_abs_mean": 0.13899517059326172,
          "frequency_mean": 2.1473679542541504,
          "frequency_std": 1.30367910861969,
          "phase_mean": 0.014944536611437798,
          "phase_std": 0.24504734575748444
        },
        "lif2": {
          "beta_mean": 0.9410345554351807,
          "beta_std": 0.008727994747459888,
          "amplitude_mean": -0.04899562895298004,
          "amplitude_std": 0.08061403036117554,
          "amplitude_abs_mean": 0.07770243287086487,
          "frequency_mean": 2.880648136138916,
          "frequency_std": 1.3051509857177734,
          "phase_mean": 0.028969835489988327,
          "phase_std": 0.17013564705848694
        },
        "lif3": {
          "beta_mean": 0.9466679096221924,
          "beta_std": 0.004743290599435568,
          "amplitude_mean": 0.13238739967346191,
          "amplitude_std": 0.05853772163391113,
          "amplitude_abs_mean": 0.13238739967346191,
          "frequency_mean": 2.510045289993286,
          "frequency_std": 1.2652153968811035,
          "phase_mean": 0.10684681683778763,
          "phase_std": 0.1296575665473938
