{
  "experiment": "combo_rhythm_kd_lbeta_drop_sre",
  "fold_accuracies": [
    0.5175,
    0.515,
    0.4675,
    0.58,
    0.475
  ],
  "mean_accuracy": 0.5109999999999999,
  "std_accuracy": 0.04001874560752747
