{
  "folds": [
    1,
    2,
    3,
    4,
    5
  ],
  "snn_forgetting": [
    67.1875,
    73.43749999999999,
    65.3125,
    75.3125,
    68.4375
  ],
  "ann_forgetting": [
    75.62500000000001,
    70.625,
    76.5625,
    76.25,
    74.375
  ],
  "snn_mean_forgetting": 69.9375,
  "snn_std_forgetting": 4.2527564590510005,
  "ann_mean_forgetting": 74.6875,
  "ann_std_forgetting": 2.420614591379638,
  "forgetting_difference_pp": 4.749999999999998,
  "snn_final_accuracy": [
    15.0,
    16.0,
    16.499999999999996,
    17.0,
    16.499999999999996
  ],
  "ann_final_accuracy": [
    15.0,
    19.5,
    16.5,
    20.5,
    16.75
  ]
}