{
  "fold": 3,
  "encoding": "direct",
  "fractions": [
    1.0,
    0.5,
    0.25,
    0.1,
    0.05
  ],
  "snn_accuracies": {
    "1.0": 0.415,
    "0.5": 0.1625,
    "0.25": 0.225,
    "0.1": 0.085,
    "0.05": 0.0625
  },
  "ann_accuracies": {
    "1.0": 0.665,
    "0.5": 0.52,
    "0.25": 0.4075,
    "0.1": 0.305,
    "0.05": 0.055
  },
  "gaps": {
    "1.0": 0.25000000000000006,
    "0.5": 0.35750000000000004,
    "0.25": 0.18249999999999997,
    "0.1": 0.21999999999999997,
    "0.05": -0.0075
  }
}