{
  "fold": 4,
  "encoding": "direct",
  "fractions": [
    1.0,
    0.5,
    0.25,
    0.1,
    0.05
  ],
  "snn_accuracies": {
    "1.0": 0.53,
    "0.5": 0.355,
    "0.25": 0.2,
    "0.1": 0.1125,
    "0.05": 0.08
  },
  "ann_accuracies": {
    "1.0": 0.625,
    "0.5": 0.5475,
    "0.25": 0.43,
    "0.1": 0.29,
    "0.05": 0.1825
  },
  "gaps": {
    "1.0": 0.09499999999999997,
    "0.5": 0.1925,
    "0.25": 0.22999999999999998,
    "0.1": 0.1775,
    "0.05": 0.1025
  }
}