{
  "fold": 2,
  "encoding": "direct",
  "fractions": [
    1.0,
    0.5,
    0.25,
    0.1,
    0.05
  ],
  "snn_accuracies": {
    "1.0": 0.495,
    "0.5": 0.355,
    "0.25": 0.21,
    "0.1": 0.1575,
    "0.05": 0.085
  },
  "ann_accuracies": {
    "1.0": 0.6375,
    "0.5": 0.525,
    "0.25": 0.3875,
    "0.1": 0.2825,
    "0.05": 0.1775
  },
  "gaps": {
    "1.0": 0.14249999999999996,
    "0.5": 0.17000000000000004,
    "0.25": 0.17750000000000002,
    "0.1": 0.12499999999999997,
    "0.05": 0.09249999999999999
  }
}