{
  "fold": 5,
  "encoding": "direct",
  "fractions": [
    1.0,
    0.5,
    0.25,
    0.1,
    0.05
  ],
  "snn_accuracies": {
    "1.0": 0.525,
    "0.5": 0.2725,
    "0.25": 0.18,
    "0.1": 0.1025,
    "0.05": 0.0625
  },
  "ann_accuracies": {
    "1.0": 0.645,
    "0.5": 0.5475,
    "0.25": 0.3975,
    "0.1": 0.2775,
    "0.05": 0.145
  },
  "gaps": {
    "1.0": 0.12,
    "0.5": 0.27499999999999997,
    "0.25": 0.21750000000000003,
    "0.1": 0.17500000000000004,
    "0.05": 0.08249999999999999
  }
}