{
  "folds": [
    1,
    2,
    3,
    4,
    5
  ],
  "snn_eff_acs_per_sample": [
    1017831.7705750001,
    1057816.6707125,
    1126952.3219625,
    1084732.2818125,
    1090033.1798999999
  ],
  "ann_eff_macs_per_sample": [
    101182.6384,
    96804.95682499999,
    95390.70735,
    100560.60164375,
    98996.7365875
  ],
  "snn_energy_nj_per_sample": [
    916.0485935175001,
    952.0350036412501,
    1014.25708976625,
    976.25905363125,
    981.0298619099999
  ],
  "ann_energy_nj_per_sample": [
    465.44013663999993,
    445.3028013949999,
    438.79725381,
    462.57876756124995,
    455.38498830249995
  ],
  "snn_activation_sparsity": [
    0.7410648091988881,
    0.7397383828537734,
    0.7314209044851198,
    0.7416382931995138,
    0.7268606002623439
  ],
  "snn_accuracy": [
    0.3949999999999999,
    0.48000000000000004,
    0.47750000000000004,
    0.5149999999999999,
    0.43250000000000005
  ],
  "ann_accuracy": [
    0.6325,
    0.5974999999999999,
    0.625,
    0.6875,
    0.545
  ],
  "mean_snn_acs": 1075473.2449925,
  "mean_ann_macs": 98587.12816124999,
  "mean_snn_energy_nj": 967.92592049325,
  "mean_ann_energy_nj": 453.5007895417499,
  "mean_snn_sparsity": 0.7361445979999278,
  "energy_ratio_ann_over_snn": 0.46852840691635605
}