{
  "experiment": "tet_training",
  "lambda_tet": 1.0,
  "seed": 42,
  "epochs": 50,
  "patience": 10,
  "fold_accuracies": [
    0.5825,
    0.5475,
    0.5675,
    0.565,
    0.5425
  ],
  "mean_accuracy": 0.5609999999999999,
  "std_accuracy": 0.01445683229480097,
  "baseline_mean": 0.4715,
  "baseline_std": 0.045,
  "delta_vs_baseline_pp": 8.95,
  "per_fold": [
    {
      "fold": 1,
      "accuracy": 0.5825,
      "best_epoch": 50,
      "total_epochs": 50,
      "time_seconds": 352.6,
      "learned_params": {
        "lif1": {
          "beta": 0.827369213104248,
          "threshold": 1.1865978240966797
        },
        "lif2": {
          "beta": 0.6797142028808594,
          "threshold": 1.2189934253692627
        },
        "lif3": {
          "beta": 0.8802899122238159,
          "threshold": 0.8468634486198425
        },
        "lif4": {
          "beta": 1.000783920288086,
          "threshold": -0.0223989300429821
        }
      }
    },
    {
      "fold": 2,
      "accuracy": 0.5475,
      "best_epoch": 48,
      "total_epochs": 50,
      "time_seconds": 348.1,
      "learned_params": {
        "lif1": {
          "beta": 0.7971775531768799,
          "threshold": 1.187450647354126
        },
        "lif2": {
          "beta": 0.7821638584136963,
          "threshold": 1.1683766841888428
        },
        "lif3": {
          "beta": 0.8796060085296631,
          "threshold": 0.9718751907348633
        },
        "lif4": {
          "beta": 1.0003234148025513,
          "threshold": -0.020648488774895668
        }
      }
    },
    {
      "fold": 3,
      "accuracy": 0.5675,
      "best_epoch": 45,
      "total_epochs": 50,
      "time_seconds": 348.3,
      "learned_params": {
        "lif1": {
          "beta": 0.8242713212966919,
          "threshold": 1.1777424812316895
        },
        "lif2": {
          "beta": 0.6893444657325745,
          "threshold": 1.2312482595443726
        },
        "lif3": {
          "beta": 0.8710734844207764,
          "threshold": 0.8621595501899719
        },
        "lif4": {
          "beta": 1.000651478767395,
          "threshold": -0.025419054552912712
        }
      }
    },
    {
      "fold": 4,
      "accuracy": 0.565,
      "best_epoch": 44,
      "total_epochs": 50,
      "time_seconds": 348.2,
      "learned_params": {
        "lif1": {
          "beta": 0.840894341468811,
          "threshold": 1.156378149986267
        },
        "lif2": {
          "beta": 0.7873324155807495,
          "threshold": 1.1631590127944946
        },
        "lif3": {
          "beta": 0.8643874526023865,
          "threshold": 0.9966656565666199
        },
        "lif4": {
          "beta": 1.0018781423568726,
          "threshold": -0.05253882333636284
        }
      }
    },
    {
      "fold": 5,
      "accuracy": 0.5425,
      "best_epoch": 49,
      "total_epochs": 50,
      "time_seconds": 349.6,
      "learned_params": {
        "lif1": {
          "beta": 0.8289906978607178,
          "threshold": 1.1685272455215454
        },
        "lif2": {
          "beta": 0.6826504468917847,
          "threshold": 1.236502766609192
        },
        "lif3": {
          "beta": 0.8346822261810303,
          "threshold": 0.9058119654655457
        },
        "lif4": {
          "beta": 1.002742052078247,
          "threshold": -0.0945812240242958
        }
      }
    }
  ]
}