{
  "experiment": "tet_training",
  "lambda_tet": 1.0,
  "seed": 42,
  "epochs": 50,
  "patience": 10,
  "fold_accuracies": [
    0.5825,
    0.5475,
    0.5675,
    0.565,
    0.5425
  ],
  "mean_accuracy": 0.5609999999999999,
  "std_accuracy": 0.01445683229480097,
  "baseline_mean": 0.4715,
  "baseline_std": 0.045,
  "delta_vs_baseline_pp": 8.95,
  "per_fold": [
    {
      "fold": 1,
      "accuracy": 0.5825,
      "best_epoch": 50,
      "total_epochs": 50,
      "time_seconds": 352.6,
      "learned_params": {
        "lif1": {
          "beta": 0.827369213104248,
